/*
SQLyog Ultimate v12.09 (64 bit)
MySQL - 8.0.22 : Database - studentinfo
*********************************************************************
*/

/*!40101 SET NAMES utf8 */;

/*!40101 SET SQL_MODE=''*/;

/*!40014 SET @OLD_UNIQUE_CHECKS=@@UNIQUE_CHECKS, UNIQUE_CHECKS=0 */;
/*!40014 SET @OLD_FOREIGN_KEY_CHECKS=@@FOREIGN_KEY_CHECKS, FOREIGN_KEY_CHECKS=0 */;
/*!40101 SET @OLD_SQL_MODE=@@SQL_MODE, SQL_MODE='NO_AUTO_VALUE_ON_ZERO' */;
/*!40111 SET @OLD_SQL_NOTES=@@SQL_NOTES, SQL_NOTES=0 */;
CREATE DATABASE /*!32312 IF NOT EXISTS*/`studentinfo` /*!40100 DEFAULT CHARACTER SET utf8 */ /*!80016 DEFAULT ENCRYPTION='N' */;

USE `studentinfo`;

/*Table structure for table `course` */

DROP TABLE IF EXISTS `course`;

CREATE TABLE `course` (
  `id` int NOT NULL AUTO_INCREMENT,
  `courseId` varchar(10) NOT NULL COMMENT '课程号',
  `courseName` varchar(60) CHARACTER SET utf8 COLLATE utf8_general_ci NOT NULL COMMENT '课程名',
  `schoolYear` varchar(255) NOT NULL COMMENT '学年',
  `creditHour` varchar(5) CHARACTER SET utf8 COLLATE utf8_general_ci NOT NULL COMMENT '学分',
  `teacher` varchar(10) CHARACTER SET utf8 COLLATE utf8_general_ci NOT NULL COMMENT '任课老师',
  PRIMARY KEY (`id`,`courseId`,`courseName`) USING BTREE
) ENGINE=InnoDB AUTO_INCREMENT=34 DEFAULT CHARSET=utf8;

/*Data for the table `course` */

insert  into `course`(`id`,`courseId`,`courseName`,`schoolYear`,`creditHour`,`teacher`) values (1,'101','高等数学','2020-2021','2',' 亓健'),(2,'102','马克思主义原理','2020-2021','2','张天佑'),(3,'103','线性代数','2020-2021','2','邵宏飞'),(4,'104','大学语文','2020-2021','2','李雪'),(5,'105','思想道德修养','2020-2021','2','黄奕'),(6,'201','软件工程','2020-2021','2','李欣'),(7,'202','C语言基础','2020-2021','2','曾戟'),(8,'203','Java语言基础','2020-2021','2','陈思琪'),(9,'301','会计学','2020-2021','2','赵小露'),(10,'302','管理经济学','2020-2021','2','杨恩'),(11,'303','应用统计学','2020-2021','2','钱红'),(12,'401','基础英语','2020-2021','2','刘明'),(13,'402','商务英语','2020-2021','2','陈忠均'),(14,'403','英语写作','2020-2021','2','王曼思'),(15,'501','设计概论','2020-2021','2','周亦双'),(16,'502','设计素描','2020-2021','2','李双'),(17,'503','平面构成','2020-2021','2','赵晓雅'),(18,'601','机械制造技术','2020-2021','2','陈晓'),(19,'602','电机拖动与控制','2020-2021','2','王家琪'),(20,'603','机械制图','2020-2021','2','陆子玲'),(21,'701','体育心理学','2020-2021','2','田虹'),(22,'702','运动生理学','2020-2021','2','游亮'),(23,'703','体育概论','2020-2021','2','陈明'),(24,'801','理论力学','2020-2021','2','王泽毅'),(25,'802','建筑材料','2020-2021','2','司马炎平'),(26,'803','材料力学','2020-2021','2','马嵩'),(33,'111','python','2020-2021','1','徐天');

/*Table structure for table `data_dictionary` */

DROP TABLE IF EXISTS `data_dictionary`;

CREATE TABLE `data_dictionary` (
  `id` int NOT NULL AUTO_INCREMENT,
  `collegeId` varchar(1) CHARACTER SET utf8 COLLATE utf8_general_ci NOT NULL COMMENT '编号',
  `college` varchar(20) NOT NULL COMMENT '学院',
  PRIMARY KEY (`id`)
) ENGINE=InnoDB AUTO_INCREMENT=9 DEFAULT CHARSET=utf8;

/*Data for the table `data_dictionary` */

insert  into `data_dictionary`(`id`,`collegeId`,`college`) values (1,'1','学校'),(2,'2','信息工程学院'),(3,'3','商学院'),(4,'4','外国语学院'),(5,'5','艺术设计与传媒学院'),(6,'6','机电工程学院'),(7,'7','体育学院'),(8,'8','土木建筑学院');

/*Table structure for table `score` */

DROP TABLE IF EXISTS `score`;

CREATE TABLE `score` (
  `id` int NOT NULL AUTO_INCREMENT,
  `studentId` varchar(20) CHARACTER SET utf8 COLLATE utf8_general_ci NOT NULL COMMENT '学号',
  `courseId` varchar(20) CHARACTER SET utf8 COLLATE utf8_general_ci NOT NULL COMMENT '课程号',
  `score` varchar(20) NOT NULL COMMENT '成绩',
  PRIMARY KEY (`id`,`studentId`,`courseId`) USING BTREE
) ENGINE=InnoDB AUTO_INCREMENT=173 DEFAULT CHARSET=utf8;

/*Data for the table `score` */

insert  into `score`(`id`,`studentId`,`courseId`,`score`) values (1,'2020120201','101','96'),(2,'2020120201','102','83'),(3,'2020120201','103','86'),(4,'2020120201','104','88'),(5,'2020120201','105','92'),(6,'2020120201','201','75'),(7,'2020120201','202','87'),(8,'2020120201','203','91'),(9,'2020120202','101','85'),(10,'2020120202','102','86'),(11,'2020120202','103','91'),(12,'2020120202','104','79'),(13,'2020120202','105','88'),(14,'2020120202','201','76'),(15,'2020120202','202','97'),(16,'2020120202','203','84'),(17,'2020120203','101','92'),(18,'2020120203','102','88'),(19,'2020120203','103','89'),(20,'2020120203','104','92'),(21,'2020120203','105','75'),(22,'2020120203','201','81'),(23,'2020120203','202','86'),(24,'2020120203','203','90'),(25,'2020120301','101','91'),(26,'2020120301','102','76'),(27,'2020120301','103','89'),(28,'2020120301','104','83'),(29,'2020120301','105','86'),(30,'2020120301','301','91'),(31,'2020120301','302','89'),(32,'2020120301','303','89'),(33,'2020120302','101','85'),(34,'2020120302','102','83'),(35,'2020120302','103','77'),(36,'2020120302','104','93'),(37,'2020120302','105','89'),(38,'2020120302','301','93'),(39,'2020120302','302','87'),(40,'2020120302','303','93'),(41,'2020120303','101','82'),(42,'2020120303','102','89'),(43,'2020120303','103','79'),(44,'2020120303','104','93'),(45,'2020120303','105','80'),(46,'2020120303','301','93'),(47,'2020120303','302','84'),(48,'2020120303','303','95'),(49,'2020120401','101','90'),(50,'2020120401','102','89'),(51,'2020120401','103','83'),(52,'2020120401','104','91'),(53,'2020120401','105','82'),(54,'2020120401','401','85'),(55,'2020120401','402','89'),(56,'2020120401','403','92'),(57,'2020120402','101','80'),(58,'2020120402','102','81'),(59,'2020120402','103','89'),(60,'2020120402','104','93'),(61,'2020120402','105','90'),(62,'2020120402','401','89'),(63,'2020120402','402','79'),(64,'2020120402','403','92'),(65,'2020120403','101','85'),(66,'2020120403','102','86'),(67,'2020120403','103','79'),(68,'2020120403','104','83'),(69,'2020120403','105','92'),(70,'2020120403','401','96'),(71,'2020120403','402','82'),(72,'2020120403','403','90'),(73,'2020120501','101','86'),(74,'2020120501','102','90'),(75,'2020120501','103','91'),(76,'2020120501','104','85'),(77,'2020120501','105','89'),(78,'2020120501','501','81'),(79,'2020120501','502','79'),(80,'2020120501','503','90'),(81,'2020120502','101','88'),(82,'2020120502','102','79'),(83,'2020120502','103','89'),(84,'2020120502','104','91'),(85,'2020120502','105','89'),(86,'2020120502','501','90'),(87,'2020120502','502','83'),(88,'2020120502','503','91'),(89,'2020120503','101','85'),(90,'2020120503','102','86'),(91,'2020120503','103','79'),(92,'2020120503','104','83'),(93,'2020120503','105','92'),(94,'2020120503','501','72'),(95,'2020120503','502','88'),(96,'2020120503','503','77'),(97,'2020120601','101','89'),(98,'2020120601','102','81'),(99,'2020120601','103','93'),(100,'2020120601','104','88'),(101,'2020120601','105','92'),(102,'2020120601','601','89'),(103,'2020120601','602','78'),(104,'2020120601','603','81'),(105,'2020120602','101','79'),(106,'2020120602','102','86'),(107,'2020120602','103','89'),(108,'2020120602','104','90'),(109,'2020120602','105','91'),(110,'2020120602','601','89'),(111,'2020120602','602','91'),(112,'2020120602','603','77'),(113,'2020120603','101','91'),(114,'2020120603','102','87'),(115,'2020120603','103','86'),(116,'2020120603','104','90'),(117,'2020120603','105','88'),(118,'2020120603','601','82'),(119,'2020120603','602','85'),(120,'2020120603','603','93'),(121,'2020120701','101','82'),(122,'2020120701','102','86'),(123,'2020120701','103','82'),(124,'2020120701','104','74'),(125,'2020120701','105','90'),(126,'2020120701','701','89'),(127,'2020120701','702','78'),(128,'2020120701','703','86'),(129,'2020120702','101','92'),(130,'2020120702','102','76'),(131,'2020120702','103','86'),(132,'2020120702','104','91'),(133,'2020120702','105','89'),(134,'2020120702','701','82'),(135,'2020120702','702','79'),(136,'2020120702','703','88'),(137,'2020120703','101','92'),(138,'2020120703','102','86'),(139,'2020120703','103','76'),(140,'2020120703','104','93'),(141,'2020120703','105','79'),(142,'2020120703','701','89'),(143,'2020120703','702','85'),(144,'2020120703','703','92'),(145,'2020120801','101','81'),(146,'2020120801','102','93'),(147,'2020120801','103','86'),(148,'2020120801','104','83'),(149,'2020120801','105','79'),(150,'2020120801','801','84'),(151,'2020120801','802','83'),(152,'2020120801','803','92'),(153,'2020120802','101','91'),(154,'2020120802','102','91'),(155,'2020120802','103','76'),(156,'2020120802','104','83'),(157,'2020120802','105','79'),(158,'2020120802','801','94'),(159,'2020120802','802','76'),(160,'2020120802','803','82'),(171,'2020120201','101','56');

/*Table structure for table `student` */

DROP TABLE IF EXISTS `student`;

CREATE TABLE `student` (
  `studentId` varchar(20) CHARACTER SET utf8 COLLATE utf8_general_ci NOT NULL,
  `studentName` varchar(40) CHARACTER SET utf8 COLLATE utf8_general_ci NOT NULL,
  `studentSex` varchar(4) CHARACTER SET utf8 COLLATE utf8_general_ci DEFAULT NULL,
  `studentAge` varchar(2) CHARACTER SET utf8 COLLATE utf8_general_ci DEFAULT '',
  `studentBifthday` date DEFAULT NULL,
  `studentDept` varchar(40) CHARACTER SET utf8 COLLATE utf8_general_ci DEFAULT NULL,
  `studentMajor` varchar(40) CHARACTER SET utf8 COLLATE utf8_general_ci DEFAULT NULL,
  `studentClassId` varchar(40) CHARACTER SET utf8 COLLATE utf8_general_ci DEFAULT NULL,
  `studentCellPhone` varchar(20) CHARACTER SET utf8 COLLATE utf8_general_ci DEFAULT NULL,
  `studentpad` varchar(20) DEFAULT '123456',
  PRIMARY KEY (`studentId`) USING BTREE
) ENGINE=InnoDB DEFAULT CHARSET=utf8;

/*Data for the table `student` */

insert  into `student`(`studentId`,`studentName`,`studentSex`,`studentAge`,`studentBifthday`,`studentDept`,`studentMajor`,`studentClassId`,`studentCellPhone`,`studentpad`) values ('2020120201','陈韵竹','女','21','1998-12-03','信息工程学院','软件工程','软件1181','13423564652','123456'),('2020120202','杨兵','男','19','2001-05-12','信息工程学院','计算机科学与技术','计科1181','13425026258','123456'),('2020120203','余小艳','女','19','2001-02-18','信息工程学院','物联网','物联网1181','13523846595','123456'),('2020120301','黄佳','女','20','2000-01-04','商学院','电子商务','电商1181','13235262145','123456'),('2020120302','吴希泽','男','19','2001-03-06','商学院','财务管理','财管1181','15623659125','123456'),('2020120303','赵高','男','18','2002-06-03','商学院','金融','金融1181','15123652545','123456'),('2020120401','张嘉','女','19','2001-03-06','外国语学院','日语','英日1181','15539102356','123456'),('2020120402','李欢','女','20','2000-03-21','外国语学院','韩语','韩语1181','13526535248','123456'),('2020120403','徐韵芝','女','20','2000-11-06','外国语学院','日语','日语1182','13648569726','123456'),('2020120501','钱红','女','20','2000-02-19','艺术设计与传媒学院','广告设计','广告1181','13442356985','123456'),('2020120502','于爱雪','女','19','2002-12-06','艺术设计与传媒学院','网媒','网媒1181','13497773201','123456'),('2020120503','李江龙','男','20','2000-08-03','艺术设计与传媒学院','舞蹈','舞蹈1181','17723568542','123456'),('2020120601','余小艳','女','19','2001-05-14','机电工程学院','机电工程','机电1181','17738254365','123456'),('2020120602','于爱梅','女','21','2001-06-03','机电工程学院','车辆工程','车辆1181','17763249654','123456'),('2020120603','李淑芳','女','20','2000-09-15','机电工程学院','机电工程','机电1181','15696352489','123456'),('2020120701','段奕宏','男','20','2000-06-23','体育学院','休闲体育','体育1182','15623568541','123456'),('2020120702','周天','男','18','2002-01-01','体育学院','体育管理学','体管1181','13456982395','123456'),('2020120703','张雷','男','19','2001-03-19','体育学院','体育管理学','体管1182','18965234586','123456'),('2020120801','赵锦卿','男','21','1999-07-15','土木建筑学院','建筑工程','建工1181','13597753215','123456'),('2020120802','龚子航','男','19','2001-03-06','土木建筑学院','建筑工程','建工1181','15527499525','123456'),('515165656','6516166','男','51','2021-03-13','外国语学院','西班牙语','','','123456');

/*Table structure for table `user` */

DROP TABLE IF EXISTS `user`;

CREATE TABLE `user` (
  `name` varchar(20) CHARACTER SET utf8 COLLATE utf8_general_ci NOT NULL,
  `password` varchar(20) DEFAULT NULL,
  PRIMARY KEY (`name`) USING BTREE
) ENGINE=InnoDB DEFAULT CHARSET=utf8;

/*Data for the table `user` */

insert  into `user`(`name`,`password`) values ('admin','123456'),('ctf','123456');

/*!40101 SET SQL_MODE=@OLD_SQL_MODE */;
/*!40014 SET FOREIGN_KEY_CHECKS=@OLD_FOREIGN_KEY_CHECKS */;
/*!40014 SET UNIQUE_CHECKS=@OLD_UNIQUE_CHECKS */;
/*!40111 SET SQL_NOTES=@OLD_SQL_NOTES */;
